red_izo;adresa
600015572;Osvobození 699, Kunovice, Czech Republic
650008006;Na Záhonech 1177, Kunovice, Czech Republic
600015556;Velehradská 1527, Staré Město, Czech Republic
600015467;Velehradská třída 218, Uherské Hradiště, Czech Republic
600015513;Nádražní 22, Uherské Hradiště, Czech Republic
600015505;Štěpnická 1188, Uherské Hradiště, Czech Republic
600015459;Kollárova 617, Uherské Hradiště, Czech Republic
600015611;Družstevní 818, Uherské Hradiště, Czech Republic
600015581;Štěpnická 1156, Uherské Hradiště, Czech Republic
600015475;Všehrdova 267, Uherské Hradiště, Czech Republic
600015530;Komenského 169, Uherský Brod, Czech Republic
600015483;Svatopluka Čecha 1110, Uherský Brod, Czech Republic
600015548;Nivnická 1781, Uherský Brod, Czech Republic
600171132;Vlčnovská 688, Uherský Brod, Czech Republic
600027236;náměstí Osvoboditelů 1, Kelč, Czech Republic
600018211;Koryčanské Paseky 1725, Rožnov pod Radhoštěm, Czech Republic
600018181;U Kantorka 406, Rožnov pod Radhoštěm, Czech Republic
600018156;Školní 1610, Rožnov pod Radhoštěm, Czech Republic
600018202;nábřeží Dukelských hrdinů 570, Rožnov pod Radhoštěm, Czech Republic
600018148;Husova 146, Valašské Meziříčí, Czech Republic
600171400;Palackého 49, Valašské Meziříčí, Czech Republic
600027210;Vsetínská 454, Valašské Meziříčí, Czech Republic
600018270;Masarykova 101, Valašské Meziříčí, Czech Republic
600018164;Máchova 628, Valašské Meziříčí, Czech Republic
600018296;Zašovská  100, Valašské Meziříčí, Czech Republic
600018113;Tyršova 1069, Vsetín, Czech Republic
600018253;Benátky 1779, Vsetín, Czech Republic
600018245;Pod Strání 1776, Vsetín, Czech Republic
600018199;Pod Pecníkem 1666, Vsetín, Czech Republic
600171078;Masarykova 101, Luhačovice, Czech Republic
600014312;třída Spojenců 907, Otrokovice, Czech Republic
600014495;třída T. Bati 1266, Otrokovice, Czech Republic
